<?xml version="1.0" encoding="UTF-8" standalone="yes"?>
<addon id="lamborepo" name="Lambo Repo" version="1.0" provider-name="marrionesa">
    <extension point="xbmc.addon.repository" name="Lambo Repo">
        <dir>
            <info compressed="false">https://raw.githubusercontent.com/marrionesa/lamborepo/master/repo/zips/addons.xml</info>
            <checksum>https://raw.githubusercontent.com/marrionesa/lamborepo/master/repo/zips/addons.xml.md5</checksum>
            <datadir zip="true">https://raw.githubusercontent.com/marrionesa/lamborepo/master/repo/zips/</datadir>
        </dir>
    </extension>
    <extension point="xbmc.addon.metadata">
        <summary>marrionesa</summary>
        <description>DESCRIPTION OF YOUR REPO HERE</description>
        <disclaimer></disclaimer>
        <platform>all</platform>
        <assets>
            <icon>icon.png</icon>
            <fanart>fanart.jpg</fanart>
        </assets>
    </extension>
</addon>